prompt_config_parsed,ascii,fen,pgn,png,png_ascii,png_fen,png_pgn
basic,0.015000000000000001,0.007777777777777778,0.02,0.0,0.005,0.0,0.025
cot,0.0,0.0,0.005,0.0,0.0,0.005,0.0
detailed_cot,0.0,0.0,0.015,0.0,0.0,0.0,0.005
few_shot,0.005,0.005,0.005,0.0,0.005,0.0,0.02
